,entry_percentile,sigma_mult,otm_pts,long_dte_weeks,total_return,cagr,max_dd,win_rate,trades,avg_trade_dur,score
0,0.3,1,15,26,5.874745483921335,1.6219735856643056,-0.6759940695278693,0.14285714285714285,7,1,0.771980854197349
1,0.3,0.8,15,26,4.668285856652022,1.380816216479555,-0.675999994879694,0.14285714285714285,7,1,0.7636597938144329
2,0.3,1,15,15,3.973880275794744,1.2302197819485738,-0.6759999997765052,0.14285714285714285,7,1,0.7552037309769268
3,0.3,0.5,15,26,2.8841004441130824,0.9708121280611914,-0.676,0.14285714285714285,7,1,0.7425257731958763
4,0.3,0.8,15,15,3.065893532608622,1.0164060931788077,-0.675999999999999,0.14285714285714285,7,1,0.7417280314187531
5,0.7,0.8,5,26,2.4307413697929308,0.8522260579618597,-0.6856687277208193,0.35714285714285715,28,1.1071428571428572,0.7381688757977418
6,0.7,0.5,3,26,5.150074974696042,1.4799344698390806,-0.5355412898948676,0.36666666666666664,30,1.0333333333333334,0.7360088365243005
7,0.9,0.5,5,26,2.0958426754390493,0.7595006892408567,-0.8704272101128377,0.17073170731707318,41,1.048780487804878,0.7339469808541974
8,0.9,0.8,5,26,4.173815823877615,1.2746023441203111,-0.6170683037637448,0.34210526315789475,38,1.131578947368421,0.7276877761413845
9,0.9,0.5,3,26,5.273033171876085,1.504602397961817,-0.3666264612111579,0.34146341463414637,41,1.048780487804878,0.7222508591065293
10,0.5,0.8,5,26,4.512067548358956,1.3477792801622037,-0.442153160950674,0.5625,16,1.1875,0.7173662248404516
11,0.9,0.5,4,26,4.317863494655801,1.3060493261541049,-0.38303192329813324,0.21951219512195122,41,1.048780487804878,0.7091678939617084
12,0.3,0.5,15,15,1.7214163276141594,0.6496715817441239,-0.676,0.14285714285714285,7,1,0.7081615120274914
13,0.9,0.5,2,15,5.447387801003422,1.5391706915848373,-0.19217110691803505,0.36585365853658536,41,1.048780487804878,0.7078301423662249
14,0.7,0.5,2,15,5.733671209023814,1.5949318312864817,-0.18313915757463953,0.4,30,1.0333333333333334,0.7047864506627393
15,0.9,1,5,15,2.941530547211797,0.9853288259660657,-0.6507348122401696,0.2894736842105263,38,1.131578947368421,0.703767795778105
16,0.9,0.8,3,15,4.602474085091095,1.3669546014005203,-0.19711199608601673,0.39473684210526316,38,1.131578947368421,0.6976558664702994
17,0.5,1,5,15,2.780913645595059,0.944457159619378,-0.5882705599635323,0.5,16,1.1875,0.6885616102110947
18,0.5,0.5,2,15,4.982289601839088,1.4458719512352007,-0.12080972045370865,0.5882352941176471,17,1,0.6885247913598429
19,0.3,1,15,5,1.5053053772883143,0.5828156485479647,-0.6759999999959535,0.14285714285714285,7,1,0.6883959253804615
20,0.7,0.8,3,15,3.8522560937274797,1.2027837146954488,-0.23740602144667833,0.42857142857142855,28,1.1071428571428572,0.6880093274423171
21,0.9,0.8,4,15,3.209164681366298,1.051624888074401,-0.37941060390626224,0.28205128205128205,39,1.1025641025641026,0.685640648011782
22,0.9,0.8,5,15,2.056889409357167,0.748396239231018,-0.6735820960634662,0.1794871794871795,39,1.1025641025641026,0.6846097201767305
23,0.5,0.8,3,15,3.764303582416529,1.1827284719855857,-0.2023324974366283,0.6875,16,1.1875,0.6833824251350025
24,0.9,0.5,3,15,2.2627518923239887,0.8063089138693826,-0.5236824147686979,0.2682926829268293,41,1.048780487804878,0.676926853215513
25,0.3,0.8,15,5,1.0204838246366723,0.42143723907764286,-0.676,0.14285714285714285,7,1,0.6737972508591066
26,0.5,0.5,3,26,3.1338938592136367,1.0331979390147032,-0.24094008710064307,0.5294117647058824,17,1,0.6732081492390771
27,0.9,1,4,15,3.0062262965433897,1.0015559688760618,-0.23884664753851134,0.39473684210526316,38,1.131578947368421,0.6685812469317625
28,0.7,1,3,5,3.2796204654893115,1.0687243570590335,-0.14125456869380426,0.3333333333333333,30,1.0333333333333334,0.6616961217476681
29,0.5,0.8,4,15,1.7298332226118482,0.6522206942814415,-0.5139105575691165,0.5,16,1.1875,0.6551178203240059
30,0.3,0.5,2,15,2.2241959597516,0.7956046223352178,-0.19311862184579598,0.7142857142857143,7,1,0.645446735395189
31,0.5,1,4,15,2.1348102395158013,0.7705395334518237,-0.2494346694727968,0.6875,16,1.1875,0.645189003436426
32,0.3,1,15,3,0.7223427673479441,0.3123805726038251,-0.6759999999959535,0.14285714285714285,7,1,0.643722385861561
33,0.7,1,4,15,1.8743715304394182,0.6953971600894635,-0.28887444271739476,0.42857142857142855,28,1.1071428571428572,0.6418875797741777
34,0.9,1,3,5,7.681085322863556,1.9463681580657153,-0.05433491015464277,0.2857142857142857,42,1.0238095238095237,0.6400957290132548
35,0.5,0.5,3,15,0.5087023624987352,0.2282924580484631,-0.8131186373044778,0.4117647058823529,17,1,0.6387825233186057
36,0.9,0.8,4,26,2.1491816195506197,0.7745933673804317,-0.18993703812788218,0.40540540540540543,37,1.162162162162162,0.6361929307805596
37,0.5,0.8,4,26,2.22198995866745,0.7949902391565951,-0.17190825949179803,0.6875,16,1.1875,0.6353951890034364
38,0.9,1,3,3,5.350322632331479,1.5199846492253637,-0.08154294625364832,0.18604651162790697,43,1,0.633492881688758
39,0.9,1,4,5,1.436157264725526,0.5608194209214357,-0.480724240635948,0.17073170731707318,41,1.048780487804878,0.6321183112420226
40,0.9,0.8,3,5,1.1940866412831928,0.4812449632937803,-0.5892633841529455,0.20930232558139536,43,1,0.6313328424153166
41,0.3,1,10,26,0.9192877996225151,0.38538362904378043,-0.6722028315322331,0.14285714285714285,7,1,0.6301546391752577
42,0.3,0.5,10,26,0.5811169668003042,0.25742473603802796,-0.6759999999566104,0.14285714285714285,7,1,0.6213181148748159
43,0.7,1,3,3,1.6105953743355323,0.6157336953642862,-0.19483098216666442,0.1935483870967742,31,1,0.6208640157093765
44,0.3,0.8,10,26,0.6795524293010351,0.29597547403530555,-0.6759033420214696,0.14285714285714285,7,1,0.6189248895434463
45,0.7,0.5,2,26,3.6706264465471516,1.161163216082291,-0.09827628181895537,0.5666666666666667,30,1.0333333333333334,0.6138070692194404
46,0.9,0.5,2,26,3.6001903862291877,1.1448054425120215,-0.09827456772087835,0.5,40,1.075,0.610898379970545
47,0.9,0.5,4,15,0.3542749792969164,0.163733207954863,-0.7882786599252657,0.17073170731707318,41,1.048780487804878,0.6101006381934218
48,0.7,0.8,4,26,1.4941141926289139,0.5792764775772841,-0.1899363307647916,0.4444444444444444,27,1.1481481481481481,0.6075110456553756
49,0.3,0.8,15,3,0.3826404737662814,0.17585733563484718,-0.676,0.14285714285714285,7,1,0.6067869415807561
50,0.9,1,5,26,1.675033896957769,0.6355530859491443,-0.11601115528301832,0.47058823529411764,34,1.2647058823529411,0.6059155621011291
51,0.5,0.5,2,26,3.2968136469746936,1.0728756950127747,-0.09278456346220237,0.7647058823529411,17,1,0.6038905252822779
52,0.3,0.5,3,26,1.0173331442541533,0.42032853391535907,-0.2507637392503069,0.7142857142857143,7,1,0.5965513009327442
53,0.7,0.8,2,5,6.435483980543502,1.7268083872071949,-0.019239702593971005,0.4482758620689655,29,1.0689655172413792,0.5919489445262641
54,0.3,0.5,15,5,0.3062364895528533,0.1429070345189294,-0.676,0.14285714285714285,7,1,0.5896048109965636
55,0.9,0.8,2,5,9.686673280946447,2.269047763637975,-0.01485460954279014,0.3902439024390244,41,1.048780487804878,0.5826828669612175
56,0.3,0.8,3,15,1.0175326648468008,0.42039876965829603,-0.17263519612580197,0.7142857142857143,7,1,0.5816028473244967
57,0.7,1,5,26,1.2719348987801036,0.5072938992711751,-0.11601112184469665,0.5416666666666666,24,1.2916666666666667,0.5806701030927836
58,0.9,0.5,1,3,6.428894239116927,1.7255997943786476,-0.015465975432907815,0.4146341463414634,41,1.048780487804878,0.5771354933726067
59,0.5,0.8,1,3,8.440882811521172,2.072601961126949,-0.01342473970469854,0.8125,16,1.125,0.573821796759941
60,0.3,0.8,5,26,0.5844201026368667,0.2587375034680053,-0.3848785224815232,0.5714285714285714,7,1,0.5694648993618066
61,0.7,0.8,1,3,14.747738707126231,2.968342060247104,-0.009267102875115802,0.5517241379310345,29,1.0689655172413792,0.5657461953853706
62,0.9,0.5,1,5,6.064236532376139,1.657863151551663,-0.013923738554275153,0.3902439024390244,41,1.048780487804878,0.5653657339224349
63,0.5,1,3,5,0.8189690976277857,0.34869162436332557,-0.13288124433456874,0.47058823529411764,17,1.0588235294117647,0.562567501227295
64,0.9,0.8,2,3,8.01495001435596,2.0024906351820584,-0.01181476880091965,0.2857142857142857,42,1.0238095238095237,0.5620520373097693
65,0.7,1,2,5,13.32517906972271,2.784861829673933,-0.008292850772760723,0.4827586206896552,29,1.0689655172413792,0.5592660775650466
66,0.5,1,2,5,8.208588593834502,2.0345656351172408,-0.010609932652515908,0.75,16,1.125,0.5590083456062838
67,0.5,0.5,2,5,0.5262089263588785,0.23539828652903605,-0.29662506250413256,0.4375,16,1.125,0.5571674030436917
68,0.9,0.8,1,3,22.753264052500924,3.8737320456197555,-0.0064113324757277355,0.4634146341463415,41,1.048780487804878,0.5571428571428572
69,0.5,0.8,2,5,4.358766923365722,1.3149010612476988,-0.016037545094402843,0.6875,16,1.125,0.5561242022582229
70,0.7,0.8,2,3,4.166011314074872,1.272886119908974,-0.017925090449334883,0.3333333333333333,30,1.0333333333333334,0.5557314678448699
71,0.9,1,2,5,18.68465977235299,3.4367397683831973,-0.0066498811168833535,0.45,40,1.075,0.555559646539028
72,0.7,0.5,1,5,3.79375630281314,1.1894648439317632,-0.01883898625994856,0.4,30,1.0333333333333334,0.5529577810505646
73,0.3,0.5,5,26,0.30010930939338,0.1402233594315545,-0.6691618917068294,0.14285714285714285,7,1,0.5521723122238587
74,0.5,1,2,3,6.371812812793909,1.715108250658509,-0.010793033749740628,0.5294117647058824,17,1,0.5516077565046638
75,0.7,1,2,3,11.668142698312533,2.5592334425143473,-0.007871550846097778,0.4,30,1.0333333333333334,0.5510677466863034
76,0.3,1,2,5,3.298297446201741,1.0732335725146216,-0.020152573260910207,0.7142857142857143,7,1,0.5508468335787924
77,0.9,1,2,3,19.691857226691,3.548830314123731,-0.005417829093535519,0.3333333333333333,42,1.0238095238095237,0.5501350024545901
78,0.3,0.5,4,26,0.33325821679747736,0.1546680115069774,-0.5787347338488453,0.14285714285714285,7,1,0.5430412371134021
79,0.7,0.5,1,3,2.821612212874027,0.9548944249943594,-0.028421093101091522,0.4827586206896552,29,1.0689655172413792,0.5426607756504664
80,0.5,1,5,26,1.4368678756086943,0.561047044649422,-0.09825278744055654,0.7333333333333333,15,1.2666666666666666,0.5409793814432989
81,0.3,1,2,3,2.207820377420469,0.7910389100799762,-0.03493977381632876,0.7142857142857143,7,1,0.5372484045164458
82,0.3,0.5,2,26,1.5066514602679586,0.5832408093110657,-0.055031291662454504,0.8571428571428571,7,1,0.535947471772214
83,0.3,0.8,4,26,0.5592341859713585,0.2486929910796163,-0.1177332529755972,0.7142857142857143,7,1,0.5326951399116348
84,0.3,1,4,15,0.4234341185032422,0.19307758276787768,-0.1854574190201871,0.7142857142857143,7,1,0.5307191948944526
85,0.9,1,3,15,1.6935404346349912,0.6412009123306601,-0.0454410140701757,0.5405405405405406,37,1.162162162162162,0.5290623465881198
86,0.9,1,1,3,22.7383922596687,3.872206097823521,-0.00021253977852114442,0.5,40,1.075,0.524472263132057
87,0.5,0.8,2,3,2.4781743471004902,0.8649864200847388,-0.01963593082812074,0.4117647058823529,17,1,0.5244108983799706
88,0.3,0.8,2,5,1.5980445217032218,0.6118450675245501,-0.03977062563175006,0.7142857142857143,7,1,0.5191458026509572
89,0.5,0.5,1,5,2.1631214739984896,0.7785166499075824,-0.01985352635438112,0.5882352941176471,17,1,0.5152920962199313
90,0.7,1,1,3,13.31635233376399,2.7836955921114996,-0.00021252043309833774,0.5517241379310345,29,1.0689655172413792,0.5146907216494845
91,0.5,0.5,1,3,1.4531501965058249,0.5662535543473874,-0.03712813584422197,0.75,16,1.125,0.5069833087874325
92,0.7,1,3,15,1.3662385350691477,0.5382582797011521,-0.04261904023470391,0.5925925925925926,27,1.1481481481481481,0.5055351006381934
93,0.3,1,10,15,0.0830473221161494,0.040695595318894995,-0.6759820232497502,0.14285714285714285,7,1,0.49759450171821307
94,0.1,0.5,2,15,0.8522731452510761,0.36098241915576423,-0.05240508831421181,1,1,1,0.49166666666666664
95,0.5,1,3,15,1.3759044638535185,0.541396919632811,-0.028819253381113696,0.75,16,1.1875,0.49058664702994603
96,0.7,0.8,4,15,-0.019982365923667977,-0.010041599825360348,-0.9416218373728512,0.32142857142857145,28,1.1071428571428572,0.4866593028964163
97,0.5,1,1,3,4.902296227184223,1.42946418520303,-0.00021254130070979047,0.8125,16,1.125,0.4844256259204713
98,0.9,0.8,3,26,1.0006723020517483,0.4144512370710234,-0.03792646911283733,0.6285714285714286,35,1.2285714285714286,0.48240058910162004
99,0.3,0.5,10,15,0.006636682128025262,0.003312853564642282,-0.676,0.14285714285714285,7,1,0.47792096219931274
100,0.9,0.8,2,15,1.5135836474611226,0.5854285374816244,-0.015528256624263393,0.6666666666666666,39,1.1025641025641026,0.47695139911634754
101,0.9,0.8,1,5,5.1464369627964786,1.4792008718126248,0,0.5128205128205128,39,1.1025641025641026,0.4729810996563574
102,0.3,0.8,2,3,0.7076898974973123,0.3067860947750065,-0.04808601393496898,0.42857142857142855,7,1,0.47183357879234167
103,0.3,0.8,10,15,0.020117749981851007,0.01000878708150399,-0.6759999667065474,0.14285714285714285,7,1,0.4703730976926853
104,0.7,0.8,3,26,0.9126012344654186,0.38296826950780716,-0.033335594382730836,0.76,25,1.24,0.4695753559155621
105,0.5,0.8,3,26,0.9135014930205447,0.3832937117693207,-0.030818555456489143,0.8,15,1.2666666666666666,0.4677221404025528
106,0.9,1,4,26,0.7527344737190811,0.3239087860268475,-0.03586354544789752,0.6363636363636364,33,1.303030303030303,0.4662739322533137
107,0.7,0.8,2,15,1.4207348714318733,0.5558710973059025,-0.015532208153069113,0.7586206896551724,29,1.0689655172413792,0.46611438389788906
108,0.5,0.8,2,15,1.1586824356746326,0.46924553280744496,-0.015533034411077432,0.8125,16,1.0625,0.4569955817378498
109,0.5,1,4,26,0.6640014361858999,0.2899617964055756,-0.031367908404977406,0.8666666666666667,15,1.2666666666666666,0.45292096219931266
110,0.3,0.8,4,15,0.0540223397174342,0.026655901321096964,-0.43552615277048246,0.42857142857142855,7,1,0.44985272459499265
111,0.7,1,4,26,0.5860412418402337,0.2593812932707209,-0.033454464118897805,0.782608695652174,23,1.3478260869565217,0.4449926362297496
112,0.3,0.5,1,3,0.4512978737871456,0.20469825009715414,-0.040375541918595666,0.7142857142857143,7,1,0.4430166912125675
113,0.7,0.8,1,5,3.2643127449755065,1.0650212456474888,0,0.5357142857142857,28,1.1071428571428572,0.44033505154639174
114,0.3,1,5,15,0.026344757905492955,0.013086747473034954,-0.4953900020595217,0.42857142857142855,7,1,0.4339960726558665
115,0.1,0.8,3,15,0.35519698163894553,0.16412928046628283,-0.0519936726150543,1,1,1,0.43086647029946
116,0.3,0.8,1,3,2.8263430156165987,0.9561040400798213,0,0.8571428571428571,7,1,0.4283075601374571
117,0.3,0.5,2,5,0.0384491785755916,0.019043266292256833,-0.31986776698498615,0.42857142857142855,7,1,0.4272459499263623
118,0.3,1,5,26,0.29565398990077996,0.13826797807053315,-0.05824840917337948,0.8333333333333334,6,1.1666666666666667,0.4254540991654394
119,0.9,1,1,5,2.754548889498667,0.9376658353541425,0,0.6410256410256411,39,1.1025641025641026,0.4231529209621993
120,0.9,1,3,26,0.43494267940999554,0.19789092968015898,-0.023068402338618135,0.7878787878787878,33,1.303030303030303,0.42053264604810997
121,0.3,0.5,1,5,0.97735354228213,0.40618403570874384,-0.011071165930678247,0.7142857142857143,7,1,0.4187776141384389
122,0.3,1,3,15,0.443364104711669,0.20140089258817717,-0.020661332057456294,0.8571428571428571,7,1,0.4162984781541482
123,0.3,0.5,3,15,-0.012620818535188705,-0.006330446544319579,-0.46999174128448185,0.42857142857142855,7,1,0.4127147766323024
124,0.5,1,3,3,0.003291235539902626,0.0016442659646700442,-0.3179962458089906,0.23529411764705882,17,1,0.4071551300932744
125,0.5,0.8,1,5,1.9207254574783943,0.7090130068195486,0,0.8125,16,1.1875,0.4025343642611684
126,0.3,1,3,5,0.04475171140943113,0.02213096587933938,-0.11635739087977835,0.42857142857142855,7,1,0.40092047128129604
127,0.9,0.8,2,26,0.37530366916577984,0.172733417774807,-0.022144514324443393,0.7878787878787878,33,1.303030303030303,0.40030682376043203
128,0.1,0.5,3,26,0.21728867155027864,0.1033080583183823,-0.05365735797897342,1,1,1,0.4000736377025037
129,0.1,0.5,2,26,0.375026634389914,0.17261529684287935,-0.02263559634229401,1,1,1,0.3992513500245459
130,0.7,1,1,5,1.8261139703898275,0.6811049849399138,0,0.7142857142857143,28,1.1071428571428572,0.3990979381443299
131,0.9,0.5,1,15,0.399303921293761,0.18292177310833235,-0.01655115919019975,0.575,40,1.075,0.39527491408934706
132,0.1,0.5,2,5,0.2193125408381833,0.10422485972657913,-0.0496652660739281,1,1,1,0.3934585174275896
133,0.3,0.8,2,15,0.5955180098176558,0.26313815943373986,-0.012136145593337266,0.8571428571428571,7,1,0.3931394207167403
134,0.5,1,3,26,0.4169667369339589,0.19036411947519616,-0.015269535721494833,0.9333333333333333,15,1.2666666666666666,0.3903780068728523
135,0.7,0.5,2,5,-0.15344126540986835,-0.07991373524536749,-0.7058223783942095,0.3103448275862069,29,1.0689655172413792,0.3900343642611684
136,0.9,1,4,3,-0.35826421399889297,-0.19891586833772135,-0.8393980439497334,0.11627906976744186,43,1,0.38911389297987237
137,0.7,1,3,26,0.4034543074792398,0.18467476865139654,-0.015267739076386913,0.9130434782608695,23,1.3478260869565217,0.38746931762395675
138,0.9,0.5,2,5,-0.4670504495064771,-0.26996606209469765,-0.8786967553454477,0.2682926829268293,41,1.048780487804878,0.386340206185567
139,0.3,0.5,15,3,-0.11289260748812624,-0.05813621339820385,-0.676,0.14285714285714285,7,1,0.38513745704467356
140,0.5,0.8,2,26,0.4217098045809198,0.1923547310179634,-0.013708675311359263,0.9333333333333333,15,1.2666666666666666,0.38376288659793817
141,0.1,1,4,15,0.14162387954107003,0.06846800585748469,-0.05140589328104619,1,1,1,0.3809032891507118
142,0.9,0.8,3,3,-0.5282031640639162,-0.3131253127854515,-0.9648916600760843,0.16279069767441862,43,1,0.3796023564064801
143,0.9,1,2,26,0.22170346994868106,0.10530695734202311,-0.031243094831800884,0.8666666666666667,30,1.4333333333333333,0.3761291114383898
144,0.7,0.8,2,26,0.39690800146151517,0.1819086265280896,-0.013704434054658722,0.9130434782608695,23,1.3478260869565217,0.375699558173785
145,0.9,1,2,15,0.79451738993114,0.3395959801115931,-0.0037516605885811604,0.7647058823529411,34,1.2647058823529411,0.3751350024545901
146,0.5,0.5,2,3,-0.5090753332365863,-0.2993398350388302,-0.6882866188432047,0.4117647058823529,17,1,0.37509818360333824
147,0.7,1,2,26,0.23227287736968805,0.11007786995763857,-0.022604044607565526,0.95,20,1.55,0.3740058910162003
148,0.5,1,2,26,0.2285687864891277,0.10840822195124833,-0.022745833024104524,0.9285714285714286,14,1.3571428571428572,0.37123220422189496
149,0.3,1,1,3,1.3373670095658823,0.5288449920007856,0,0.8571428571428571,7,1,0.36988831615120277
150,0.7,1,2,15,0.7185345169146284,0.3109288756124904,-0.0032128720179874217,0.9166666666666666,24,1.2916666666666667,0.36759941089838
151,0.1,0.8,4,26,0.13354916926938865,0.06468266129837419,-0.03802627257578156,1,1,1,0.36675257731958766
152,0.7,0.5,1,15,0.3752554497877467,0.17271285905278044,-0.01295850395610736,0.6666666666666666,30,1.0333333333333334,0.36525527736867947
153,0.3,0.8,3,26,0.3179431098526815,0.14801703378159048,-0.01498315572859877,1,6,1.1666666666666667,0.3639420716740304
154,0.5,1,1,5,1.1024727411729693,0.44999060037400573,0,0.8125,16,1.1875,0.36301546391752576
155,0.3,0.5,10,5,-0.5175045119901578,-0.30538104833668545,-0.676,0.14285714285714285,7,1,0.36280068728522336
156,0.5,0.5,1,15,0.3499081303303684,0.16185546877843993,-0.012963831138439354,0.7647058823529411,17,1,0.35957290132547864
157,0.7,1,5,15,-0.6416419589591785,-0.4013698629029595,-0.9757463499384704,0.32142857142857145,28,1.1071428571428572,0.35845606283750614
158,0.3,1,5,5,-0.5987244658041946,-0.36653687226816,-0.7111193211567132,0.14285714285714285,7,1.1428571428571428,0.35686057928325965
159,0.3,0.8,5,5,-0.6149142616658355,-0.37944723162799077,-0.7273091170183513,0.14285714285714285,7,1.1428571428571428,0.3563328424153166
160,0.1,1,2,5,1.0041069061136105,0.41566482830986895,0,1,1,1,0.3561426116838488
161,0.5,1,2,15,0.6095575764452907,0.2686834027626004,-0.0032112017891390674,0.9333333333333333,15,1.2666666666666666,0.3543814432989691
162,0.3,0.5,5,15,-0.15420439931396002,-0.08032853654903482,-0.6759304610656895,0.14285714285714285,7,1,0.3537923416789396
163,0.3,0.8,10,5,-0.5175032161008299,-0.3053801155314009,-0.6759999999072351,0.14285714285714285,7,1,0.35320937653411877
164,0.3,1,10,5,-0.5173815960273467,-0.30529257671113563,-0.6759995436407376,0.14285714285714285,7,1,0.34659425625920476
165,0.3,1,4,26,0.21483463945594883,0.10219537263406653,-0.01630944864136802,1,6,1.1666666666666667,0.34597447226313205
166,0.5,0.8,3,5,-0.7189407758022415,-0.46984980977296775,-0.9342357438109563,0.29411764705882354,17,1,0.3445753559155621
167,0.3,0.5,4,15,-0.1802994435125973,-0.09462684130387278,-0.6698479357631049,0.14285714285714285,7,1,0.34374079528718704
168,0.3,0.5,5,5,-0.5636051425559854,-0.3393981097181037,-0.6759999979084933,0.14285714285714285,7,1,0.34216985763377517
169,0.3,0.8,5,15,-0.12252484770600447,-0.06326356305842595,-0.6442509277731462,0.14285714285714285,7,1,0.34175257731958764
170,0.3,0.5,10,3,-0.6226915361495222,-0.38574560331204977,-0.676,0.14285714285714285,7,1,0.3404639175257732
171,0.1,0.5,2,3,0.04961939038943086,0.024509341289493003,-0.04966511868212966,1,1,1,0.33213058419243985
172,0.3,0.8,10,3,-0.6226915360456029,-0.3857456032274599,-0.6759999999072351,0.14285714285714285,7,1,0.3308726067746686
173,0.9,0.5,1,26,0.08642777287330561,0.04231846039169129,-0.023878293785066073,0.7631578947368421,38,1.131578947368421,0.3306578301423662
174,0.1,1,2,3,0.6430115809315116,0.2818001329893485,0,1,1,1,0.33036941580756013
175,0.3,0.5,1,15,0.2305408776175908,0.10929747030162784,-0.011153841766327444,0.8571428571428571,7,1,0.32890279823269514
176,0.1,0.8,2,5,0.6360077288069486,0.27906517770086614,0,1,1,1,0.3286512027491409
177,0.3,0.5,4,5,-0.5728242408438039,-0.34641315867270084,-0.6759989696648482,0.14285714285714285,7,1,0.32815414825724104
178,0.7,0.5,1,26,0.11720869084617402,0.05698093211096955,-0.017307936741942424,0.8928571428571429,28,1.1071428571428572,0.3277368679430535
179,0.3,0.8,1,5,0.6350553284018636,0.2786928201885954,0,0.8571428571428571,7,1,0.32693298969072165
180,0.3,1,10,3,-0.6226910291304908,-0.38574519060123813,-0.6759995436407376,0.14285714285714285,7,1,0.32425748649975455
181,0.3,0.8,3,5,-0.4370789684783709,-0.2497193648229823,-0.5310335707679716,0.14285714285714285,7,1,0.3190108001963672
182,0.3,1,4,5,-0.520080219241837,-0.3072375726425667,-0.6232549480628827,0.14285714285714285,7,1.1428571428571428,0.31822533136966125
183,0.3,0.5,3,5,-0.5807173843672597,-0.35247964075811455,-0.674671986656855,0.14285714285714285,7,1,0.3181026018654885
184,0.1,1,5,26,0.06520493940420735,0.03208766071696023,-0.02791838506140013,1,1,1,0.31810260186548844
185,0.3,0.8,4,5,-0.5644911434203597,-0.34006905165794776,-0.667665872241406,0.14285714285714285,7,1,0.3178325969563083
186,0.3,0.5,5,3,-0.6457551486446147,-0.4048152796354856,-0.675999997908504,0.14285714285714285,7,1,0.31758713794796267
187,0.9,1,1,26,0.08524193496382404,0.041749458825788954,-0.018619181137165305,0.9310344827586207,29,1.4827586206896552,0.31293568973981345
188,0.1,0.8,5,26,-0.001493971276402939,-0.0007472648405724147,-0.05478963295390282,1,1,1,0.31138929798723614
189,0.3,0.5,2,3,-0.3902556276124478,-0.21913869836727584,-0.4066623081243762,0.42857142857142855,7,1,0.31120520373097693
190,0.3,1,4,3,-0.568613043820815,-0.34319945479682723,-0.5942451701673842,0.14285714285714285,7,1,0.3089715267550319
191,0.3,0.5,4,3,-0.6503668684716162,-0.4087021634333643,-0.6759989948181855,0.14285714285714285,7,1,0.30872606774668626
192,0.1,0.8,3,26,0.099571732602322,0.04860465982291062,-0.014083514586046687,1,1,1,0.30657830142366227
193,0.3,0.8,3,3,-0.5702165029664827,-0.34442125031883675,-0.5912359063957445,0.14285714285714285,7,1,0.3060628375061365
194,0.1,0.5,4,15,-0.10095051165505231,-0.051817797918064845,-0.10095051165505231,0,1,1,0.30571919489445265
195,0.1,0.5,5,26,-0.1010126386931618,-0.05185055961265361,-0.10101263869316178,0,1,1,0.3051914580265096
196,0.1,0.5,3,15,-0.011280006285287136,-0.0056559983010342485,-0.052000865533634553,1,1,1,0.30490918016691215
197,0.1,1,5,5,-0.10249896242709489,-0.05263468631530255,-0.10249896242709493,0,1,1,0.30466372115856655
198,0.1,1,5,3,-0.10257202542924626,-0.05267324825551678,-0.10257202542924625,0,1,1,0.30413598429062344
199,0.3,1,3,3,-0.22326947926987317,-0.11867683524706629,-0.27332786824273386,0.14285714285714285,7,1,0.3039273441335297
200,0.3,0.8,5,3,-0.6451852682373669,-0.4043367295504673,-0.6754301175012573,0.14285714285714285,7,1,0.3038291605301915
201,0.3,0.8,2,26,0.1957283024417027,0.09349362249704174,-0.008268664776492147,1,6,1.1666666666666667,0.3037800687285223
202,0.1,1,10,26,-0.10268710436046724,-0.05273398897694381,-0.10268710436046728,0,1,1,0.3036082474226804
203,0.1,0.8,4,5,-0.10291533230794514,-0.0528544632993011,-0.10291533230794513,0,1,1,0.3030805105547374
204,0.1,1,4,5,-0.09084394456142475,-0.04650324833349573,-0.09084394456142478,0,1,1,0.3030682376043201
205,0.1,0.8,3,5,-0.0630421405076047,-0.0320341640882178,-0.06304214050760469,0,1,1,0.30293323514973003
206,0.1,1,4,3,-0.09492569859331956,-0.048646069327150765,-0.09492569859331951,0,1,1,0.3026755031909671
207,0.1,0.8,4,3,-0.10323763982583678,-0.053024625360213906,-0.10323763982583675,0,1,1,0.30255277368679434
208,0.1,0.8,5,15,-0.09152562524150265,-0.046860778921307134,-0.09152562524150265,0,1,1,0.30254050073637706
209,0.9,0.8,1,15,0.26055764088951183,0.12274558154976134,-0.0038403762535013596,0.7714285714285715,35,1.2285714285714286,0.30244231713303876
210,0.1,0.5,4,26,-0.06380159601196267,-0.03242653819565855,-0.06380159601196263,0,1,1,0.3024054982817869
211,0.1,0.5,3,5,-0.10328247342837138,-0.05304829765630148,-0.10328247342837137,0,1,1,0.30202503681885123
212,0.1,0.8,3,3,-0.09277326221099114,-0.047515492100260515,-0.09277326221099112,0,1,1,0.302012763868434
213,0.3,1,3,26,0.1574014790774645,0.07582595203753306,-0.009128623205903614,1,6,1.1666666666666667,0.3016691212567501
214,0.1,0.8,5,5,-0.10395055898511518,-0.05340111926176205,-0.10395055898511514,0,1,1,0.3014972999509082
215,0.1,0.8,5,3,-0.10395132821139696,-0.05340152557242994,-0.10395132821139694,0,1,1,0.30096956308296513
216,0.1,0.5,5,15,-0.1039636236860133,-0.05340802015124457,-0.10396362368601328,0,1,1,0.3004418262150221
217,0.3,1,2,15,0.2688467381402724,0.12643097353556132,-0.0023700824385528285,1,6,1.1666666666666667,0.29992636229749636
218,0.1,0.8,10,26,-0.10396403069931959,-0.05340823514004711,-0.10396403069931956,0,1,1,0.2999140893470791
219,0.3,0.5,3,3,-0.6547441455999711,-0.4124152364126271,-0.6757635490292209,0.14285714285714285,7,1,0.2998649975454099
220,0.3,1,5,3,-0.6316753403221493,-0.39310243065419137,-0.6619201895860439,0.14285714285714285,7,1,0.29945999018163966
221,0.1,0.5,3,3,-0.10397861642671646,-0.05341593951023904,-0.10397861642671644,0,1,1,0.299386352479136
222,0.1,0.8,4,15,-0.01428954675451366,-0.007170481278136909,-0.051939200794816134,1,1,1,0.29909180166912125
223,0.1,1,10,15,-0.10399320147200586,-0.05342364358283591,-0.1039932014720058,0,1,1,0.2988586156111929
224,0.3,0.8,4,3,-0.6426224207646163,-0.40218934499677594,-0.668254547111189,0.14285714285714285,7,1,0.29840451644575355
225,0.1,1,3,15,0.13011836382543418,0.0630702534759564,-0.009660238912175293,1,1,1,0.2983676975945017
226,0.1,1,15,26,-0.10399795818801238,-0.05342615617587043,-0.10399795818801236,0,1,1,0.29833087874324987
227,0.1,0.5,4,5,-0.10399992603578223,-0.05342719563457887,-0.1039999260357822,0,1,1,0.2978031418753068
228,0.1,0.5,4,3,-0.1039999434030553,-0.053427204808344064,-0.10399994340305531,0,1,1,0.29727540500736377
229,0.1,1,10,5,-0.10399997307586273,-0.05342722048215576,-0.10399997307586274,0,1,1,0.2964837997054492
230,0.1,1,10,3,-0.10399997307586273,-0.05342722048215576,-0.10399997307586274,0,1,1,0.2964837997054492
231,0.3,1,1,5,0.39409040687351804,0.1807160568373405,0,0.8571428571428571,7,1,0.29600515463917526
232,0.5,0.5,1,26,0.13659800641659192,0.0661135054095281,-0.008645711941378864,0.9375,16,1.0625,0.29585174275895926
233,0.1,0.8,10,15,-0.10399998567828372,-0.05342722713902426,-0.10399998567828372,0,1,1,0.2956921944035346
234,0.1,0.8,15,26,-0.10399999810007032,-0.05342723370047786,-0.10399999810007028,0,1,1,0.29516445753559156
235,0.1,1,15,15,-0.10399999991584563,-0.0534272346596093,-0.10399999991584558,0,1,1,0.2946367206676485
236,0.1,0.5,5,5,-0.10399999992442799,-0.053427234664142675,-0.10399999992442795,0,1,1,0.29410898379970546
237,0.1,0.5,5,3,-0.10399999992443565,-0.05342723466414667,-0.10399999992443563,0,1,1,0.29358124693176235
238,0.9,1,1,15,0.26325579678080957,0.1239465275451539,-0.001954880450840072,0.8787878787878788,33,1.303030303030303,0.29344624447717227
239,0.1,0.5,10,26,-0.10399999997963427,-0.05342723469330379,-0.1039999999796343,0,1,1,0.29305351006381936
240,0.7,1,1,26,0.09401292570564257,0.04595072814432455,-0.012189247578183274,0.9473684210526315,19,1.631578947368421,0.2929553264604811
241,0.1,1,5,15,-0.04193987030198976,-0.021194539401209633,-0.05181475101034634,1,1,1,0.29274668630338735
242,0.1,0.8,10,3,-0.10399999999690424,-0.05342723470242616,-0.10399999999690428,0,1,1,0.2922619047619048
243,0.1,0.8,10,5,-0.10399999999690424,-0.05342723470242616,-0.10399999999690428,0,1,1,0.2922619047619048
244,0.1,1,15,5,-0.10399999999987508,-0.05342723470399546,-0.10399999999987508,0,1,1,0.2912064310260186
245,0.1,1,15,3,-0.10399999999987508,-0.05342723470399546,-0.10399999999987508,0,1,1,0.2912064310260186
246,0.1,0.8,15,15,-0.10399999999999954,-0.05342723470406119,-0.10399999999999954,0,1,1,0.29041482572410404
247,0.1,0.8,2,15,0.17033571636867806,0.08182055645503339,-0.006269944931739825,1,1,1,0.2879111438389789
248,0.1,0.8,15,3,-0.10399999999999998,-0.05342723470406141,-0.104,0,1,1,0.2877761413843888
249,0.1,0.5,10,5,-0.10399999999999998,-0.05342723470406141,-0.104,0,1,1,0.2877761413843888
250,0.1,0.8,15,5,-0.10399999999999998,-0.05342723470406141,-0.104,0,1,1,0.2877761413843888
251,0.1,0.5,10,3,-0.10399999999999998,-0.05342723470406141,-0.104,0,1,1,0.2877761413843888
252,0.1,0.5,15,3,-0.10399999999999998,-0.05342723470406141,-0.104,0,1,1,0.2877761413843888
253,0.1,0.5,10,15,-0.10399999999999998,-0.05342723470406141,-0.104,0,1,1,0.2877761413843888
254,0.1,0.5,15,5,-0.10399999999999998,-0.05342723470406141,-0.104,0,1,1,0.2877761413843888
255,0.1,0.5,15,15,-0.10399999999999998,-0.05342723470406141,-0.104,0,1,1,0.2877761413843888
256,0.1,0.5,15,26,-0.10399999999999998,-0.05342723470406141,-0.104,0,1,1,0.2877761413843888
257,0.7,0.8,1,15,0.23060191583665302,0.1093249820664155,-0.00207739608658162,0.92,25,1.24,0.2877638684339715
258,0.5,1,1,26,0.08593973913337694,0.04208432438712806,-0.012310746415881334,0.9285714285714286,14,1.3571428571428572,0.2872729504172803
259,0.1,1,3,3,-0.041874444223197194,-0.02116111858140679,-0.04187444422319718,0,1,1,0.2861315660284732
260,0.9,0.8,1,26,0.08375840452382688,0.041037177301477046,-0.012656688456538685,0.8709677419354839,31,1.3870967741935485,0.285027000490918
261,0.1,1,4,26,0.06265189960675266,0.03085008590325722,-0.013952655396457762,1,1,1,0.2830510554737359
262,0.1,0.8,2,3,0.3454113278761446,0.15991867295778306,0,1,1,1,0.2822594501718213
263,0.3,0.5,1,26,0.09236828073606929,0.045164236250011314,-0.009388600393882812,1,6,1.1666666666666667,0.28171330387825233
264,0.3,1,2,26,0.1208962337504238,0.058723870397954014,-0.006585895679521826,1,6,1.1666666666666667,0.27945508100147276
265,0.7,0.8,1,26,0.10104293260652875,0.04930592898664621,-0.006796310037278287,1,21,1.4761904761904763,0.2749631811487482
266,0.7,1,1,15,0.22834416297461568,0.10830689024954432,-0.0010265176485752662,1,23,1.3478260869565217,0.27427589592538043
267,0.5,0.8,1,15,0.17355573161144355,0.08330777326272498,-0.0020788443192618867,0.9333333333333333,15,1.2,0.2717722140402553
268,0.1,0.8,1,3,0.25304425856187374,0.11939459466350555,0,1,1,1,0.2667955326460481
269,0.5,1,1,15,0.17905877171132722,0.08584472725676906,-0.001029067506409513,1,15,1.2666666666666666,0.2663475699558174
270,0.5,0.8,1,26,0.10217655845198625,0.049845968917338945,-0.005349321049071804,1,15,1.2666666666666666,0.2659671084928817
271,0.1,0.8,2,26,0.061833158565554935,0.030452890027270918,-0.008249527808694401,1,1,1,0.25276141384388806
272,0.1,1,3,26,0.04907737601337536,0.024244783249285362,-0.00912087037224602,1,1,1,0.25065046637211585
273,0.3,0.8,1,15,0.09224527546920513,0.04510538964699884,-0.0016637748709671181,1,6,1.1666666666666667,0.2395189003436426
274,0.1,1,2,15,0.08066738027104181,0.039551528434758065,-0.0023682431741913314,1,1,1,0.2351620029455081
275,0.1,1,1,3,0.12805015778267292,0.06209705666792664,0,1,1,1,0.23414948453608248
276,0.3,0.8,1,26,0.05325035222285024,0.026279860575491476,-0.005341806448808184,1,6,1.1666666666666667,0.2338487972508591
277,0.1,0.5,1,5,0.11205675319370356,0.05454101541557099,0,1,1,1,0.22899484536082476
278,0.1,1,2,26,0.036434456495098466,0.01805425027112295,-0.006584549593927921,1,1,1,0.22671821305841927
279,0.3,1,1,15,0.08027406251718983,0.03936233456730087,-0.0010296610073562706,1,6,1.1666666666666667,0.22630093274423171
280,0.1,0.5,1,26,0.01787286381804787,0.008896854895508177,-0.007887149241893668,1,1,1,0.22579774177712322
281,0.3,1,1,26,0.04776809781644564,0.02360544049767821,-0.0046135644954513385,1,6,1.1666666666666667,0.22578546882670594
282,0.1,0.5,1,15,0.0336101581537851,0.01666619799902125,-0.005722140008213231,1,1,1,0.22142857142857142
283,0.1,1,3,5,0.04171935374837732,0.020646537126530085,-0.0036832344929939136,1,1,1,0.21586892488954346
284,0.1,0.8,1,26,0.00917375998948633,0.004576408238560203,-0.005375172528721858,1,1,1,0.2087383406971036
285,0.1,0.8,1,5,0.06979279417096906,0.034307881711712174,0,1,1,1,0.20493986254295535
286,0.1,1,1,26,0.008049579709055843,0.0040167228234078145,-0.00458958335552027,1,1,1,0.20225822287677958
287,0.1,0.8,1,15,0.014881019919803062,0.007413033427602134,-0.0016678916266106535,1,1,1,0.1943176239567992
288,0.1,0.5,1,3,0.048769180403289925,0.024094322024729387,0,1,1,1,0.1911941580756014
289,0.1,1,1,15,0.012670284486289152,0.006315201359041955,-0.0010286074303055648,1,1,1,0.1878375061364752
290,0.1,1,1,5,0.047292747015944325,0.023373219805924217,0,1,1,1,0.18775773195876289
291,0.5,0.5,3,3,-1.0389658326445546,,-1.0389658326445546,0,10,1,
292,0.5,0.5,3,5,-1.024545520968628,,-1.024545520968628,0,10,1,
293,0.5,0.5,4,3,-1.0399959616010883,,-1.0399959616010883,0,10,1,
294,0.5,0.5,4,5,-1.0399922334589469,,-1.0399922334589469,0,10,1,
295,0.5,0.5,4,15,-1.007814899842901,,-1.007814899842901,0,10,1,
296,0.5,0.5,4,26,-1.0561610632551028,,-1.0561610632551028,0.15384615384615385,13,1,
297,0.5,0.5,5,3,-1.0399999854027124,,-1.0399999854027124,0,10,1,
298,0.5,0.5,5,5,-1.0399999853724982,,-1.0399999853724982,0,10,1,
299,0.5,0.5,5,15,-1.0912482324811836,,-1.0912482324811834,0,10,1.1,
300,0.5,0.5,5,26,-1.0109396518912777,,-1.0109396518912777,0,10,1,
301,0.5,0.5,10,3,-1.04,,-1.04,0,10,1,
302,0.5,0.5,10,5,-1.04,,-1.04,0,10,1,
303,0.5,0.5,10,15,-1.0399999999999996,,-1.0399999999999996,0,10,1,
304,0.5,0.5,10,26,-1.0919999975421248,,-1.0919999975421248,0,10,1.1,
305,0.5,0.5,15,3,-1.04,,-1.04,0,10,1,
306,0.5,0.5,15,5,-1.04,,-1.04,0,10,1,
307,0.5,0.5,15,15,-1.04,,-1.04,0,10,1,
308,0.5,0.5,15,26,-1.04,,-1.04,0,9,1.2222222222222223,
309,0.5,0.8,3,3,-1.0318863071074642,,-1.0318863071074642,0,12,1,
310,0.5,0.8,4,3,-1.0237881680376042,,-1.0237881680376042,0,10,1,
311,0.5,0.8,4,5,-1.0186635890246103,,-1.0186635890246103,0,10,1,
312,0.5,0.8,5,3,-1.0386027803827032,,-1.0386027803827034,0,10,1,
313,0.5,0.8,5,5,-1.0902230980502963,,-1.090223098050296,0,10,1.1,
314,0.5,0.8,5,15,-1.05515718617192,,-1.05515718617192,0.08333333333333333,12,1.25,
315,0.5,0.8,10,3,-1.0399999992647515,,-1.0399999992647515,0,10,1,
316,0.5,0.8,10,5,-1.0399999992647515,,-1.0399999992647515,0,10,1,
317,0.5,0.8,10,15,-1.0399994180966,,-1.0399994180966,0,9,1.2222222222222223,
318,0.5,0.8,10,26,-1.0896026872166258,,-1.0896026872166258,0,9,1.3333333333333333,
319,0.5,0.8,15,3,-1.04,,-1.0399999999999998,0,10,1,
320,0.5,0.8,15,5,-1.04,,-1.0399999999999998,0,10,1,
321,0.5,0.8,15,15,-1.039999999999867,,-1.039999999999867,0,10,1,
322,0.5,0.8,15,26,-1.039999925926061,,-1.0399999259260608,0,9,1.2222222222222223,
323,0.5,1,4,3,-1.060790520433727,,-1.060790520433727,0,12,1,
324,0.5,1,4,5,-1.0522890241828453,,-1.0522890241828453,0,12,1.0833333333333333,
325,0.5,1,5,3,-1.0115250585189217,,-1.0115250585189217,0,10,1,
326,0.5,1,5,5,-1.056711512368899,,-1.056711512368899,0,10,1.1,
327,0.5,1,10,3,-1.0399982353393848,,-1.0399982353393848,0,10,1,
328,0.5,1,10,5,-1.039998235339373,,-1.039998235339373,0,10,1,
329,0.5,1,10,15,-1.0398843939355253,,-1.0398843939355251,0,9,1.2222222222222223,
330,0.5,1,10,26,-1.060303620451803,,-1.060303620451803,0,9,1.3333333333333333,
331,0.5,1,15,3,-1.0399999999638543,,-1.0399999999638545,0,10,1,
332,0.5,1,15,5,-1.0399999999638543,,-1.0399999999638545,0,10,1,
333,0.5,1,15,15,-1.039999995120008,,-1.039999995120008,0,10,1,
334,0.5,1,15,26,-1.0918643445538265,,-1.0918643445538263,0,9,1.3333333333333333,
335,0.7,0.5,2,3,-1.019064716308037,,-1.0149828307915116,0.23809523809523808,21,1,
336,0.7,0.5,3,3,-1.0374995639888547,,-1.0374995639888547,0,10,1,
337,0.7,0.5,3,5,-1.0241588833549622,,-1.0241588833549622,0,10,1,
338,0.7,0.5,3,15,-1.0358230784203202,,-1.03582307842032,0.2,15,1,
339,0.7,0.5,4,3,-1.0399722325232785,,-1.0399722325232785,0,10,1,
340,0.7,0.5,4,5,-1.039968529491829,,-1.039968529491829,0,10,1,
341,0.7,0.5,4,15,-1.0132536248526531,,-1.0132536248526531,0,10,1,
342,0.7,0.5,4,26,-1.0392834002499254,,-1.0392834002499254,0.16666666666666666,12,1,
343,0.7,0.5,5,3,-1.0399997843623914,,-1.0399997843623914,0,10,1,
344,0.7,0.5,5,5,-1.039999784332188,,-1.039999784332188,0,10,1,
345,0.7,0.5,5,15,-1.0913123704765866,,-1.0913123704765866,0,10,1.1,
346,0.7,0.5,5,26,-1.0166869015673567,,-1.0166869015673567,0,10,1,
347,0.7,0.5,10,3,-1.04,,-1.04,0,10,1,
348,0.7,0.5,10,5,-1.04,,-1.04,0,10,1,
349,0.7,0.5,10,15,-1.0399999999999996,,-1.0399999999999996,0,10,1,
350,0.7,0.5,10,26,-1.0919999975831087,,-1.0919999975831087,0,10,1.1,
351,0.7,0.5,15,3,-1.04,,-1.04,0,10,1,
352,0.7,0.5,15,5,-1.04,,-1.04,0,10,1,
353,0.7,0.5,15,15,-1.04,,-1.04,0,10,1,
354,0.7,0.5,15,26,-1.092,,-1.092,0,10,1.1,
355,0.7,0.8,3,3,-1.0274204211032585,,-1.0274204211032587,0,13,1,
356,0.7,0.8,3,5,-1.071281057506811,,-1.0712810575068108,0.125,16,1,
357,0.7,0.8,4,3,-1.0035331270805952,,-1.0035331270805952,0,10,1,
358,0.7,0.8,4,5,-1.101262809964919,,-1.1012628099649193,0,11,1,
359,0.7,0.8,5,3,-1.0357207639824266,,-1.0357207639824266,0,10,1,
360,0.7,0.8,5,5,-1.0875454894316359,,-1.0875454894316359,0,10,1.1,
361,0.7,0.8,5,15,-1.0166511093629813,,-1.0166511093629813,0,10,1.1,
362,0.7,0.8,10,3,-1.0399999866821694,,-1.0399999866821694,0,10,1,
363,0.7,0.8,10,5,-1.0399999866821694,,-1.0399999866821694,0,10,1,
364,0.7,0.8,10,15,-1.091999440537215,,-1.0919994405372153,0,10,1.1,
365,0.7,0.8,10,26,-1.0916062293631426,,-1.0916062293631426,0,10,1.1,
366,0.7,0.8,15,3,-1.039999999999994,,-1.039999999999994,0,10,1,
367,0.7,0.8,15,5,-1.039999999999994,,-1.039999999999994,0,10,1,
368,0.7,0.8,15,15,-1.0399999999998635,,-1.0399999999998635,0,10,1,
369,0.7,0.8,15,26,-1.091999933452504,,-1.0919999334525037,0,10,1.1,
370,0.7,1,4,3,-1.049587796557068,,-1.049587796557068,0,13,1,
371,0.7,1,4,5,-1.0604207354270108,,-1.0604207354270108,0,13,1.1538461538461537,
372,0.7,1,5,3,-1.0806944622068018,,-1.0806944622068015,0,11,1,
373,0.7,1,5,5,-1.027569569713458,,-1.027569569713458,0,10,1.1,
374,0.7,1,10,3,-1.0399881311921855,,-1.0399881311921855,0,10,1,
375,0.7,1,10,5,-1.0399881311921737,,-1.0399881311921737,0,10,1,
376,0.7,1,10,15,-1.091894759019594,,-1.0918947590195942,0,10,1.1,
377,0.7,1,10,26,-1.084478441373484,,-1.084478441373484,0,10,1.1,
378,0.7,1,15,3,-1.0399999992156852,,-1.039999999215685,0,10,1,
379,0.7,1,15,5,-1.0399999992156852,,-1.039999999215685,0,10,1,
380,0.7,1,15,15,-1.0399999948415095,,-1.0399999948415095,0,10,1,
381,0.7,1,15,26,-1.0919755744818342,,-1.0919755744818342,0,10,1.1,
382,0.9,0.5,2,3,-1.0126067017337133,,-1.0123665942332958,0.22727272727272727,22,1,
383,0.9,0.5,3,3,-1.027121086642952,,-1.0266420976618087,0.15384615384615385,13,1,
384,0.9,0.5,3,5,-1.0763671884659,,-1.0561691030685905,0.11764705882352941,17,1,
385,0.9,0.5,4,3,-1.002622628680768,,-1.0025285139782059,0.15384615384615385,13,1,
386,0.9,0.5,4,5,-1.0829270678958351,,-1.0561490147162438,0.1111111111111111,18,1,
387,0.9,0.5,5,3,-1.0003667839452324,,-1.0003667839452324,0,10,1,
388,0.9,0.5,5,5,-1.0769023122446921,,-1.0769023122446921,0.08333333333333333,12,1,
389,0.9,0.5,5,15,-1.0988646128250878,,-1.054189786644523,0.09523809523809523,21,1.0476190476190477,
390,0.9,0.5,10,3,-1.0399999999999996,,-1.0399999999999996,0,10,1,
391,0.9,0.5,10,5,-1.0399999999999996,,-1.0399999999999996,0,10,1,
392,0.9,0.5,10,15,-1.0399959576261313,,-1.0399959576261313,0,10,1,
393,0.9,0.5,10,26,-1.0388719511933893,,-1.0388719511933893,0,10,1,
394,0.9,0.5,15,3,-1.04,,-1.04,0,10,1,
395,0.9,0.5,15,5,-1.04,,-1.04,0,10,1,
396,0.9,0.5,15,15,-1.0399999999999976,,-1.0399999999999976,0,10,1,
397,0.9,0.5,15,26,-1.0399999937959619,,-1.0399999937959619,0,10,1,
398,0.9,0.8,4,3,-1.0357000687100366,,-1.0216925336391407,0.1,20,1,
399,0.9,0.8,4,5,-1.057421952237006,,-1.0232930670222373,0.10344827586206896,29,1.0344827586206897,
400,0.9,0.8,5,3,-1.040294675075248,,-1.040294675075248,0.08333333333333333,12,1.0833333333333333,
401,0.9,0.8,5,5,-1.0412910053441202,,-1.030570576507877,0.125,16,1.0625,
402,0.9,0.8,10,3,-1.039999022524213,,-1.0399990225242133,0,10,1,
403,0.9,0.8,10,5,-1.091998985480863,,-1.091998985480863,0,10,1.1,
404,0.9,0.8,10,15,-1.0324769022022016,,-1.0324769022022013,0,10,1,
405,0.9,0.8,10,26,-1.0288151872428535,,-1.0288151872428535,0.09090909090909091,11,1,
406,0.9,0.8,15,3,-1.0399999999929181,,-1.0399999999929181,0,10,1,
407,0.9,0.8,15,5,-1.0399999999929181,,-1.0399999999929181,0,10,1,
408,0.9,0.8,15,15,-1.0399989224050936,,-1.0399989224050936,0,10,1,
409,0.9,0.8,15,26,-1.0393622498108397,,-1.0393622498108397,0,10,1,
410,0.9,1,5,3,-1.0365188077288818,,-1.0294827092440655,0.0625,16,1.0625,
411,0.9,1,5,5,-1.0558168557031091,,-1.029511204595502,0.08695652173913043,23,1.0434782608695652,
412,0.9,1,10,3,-1.0397946464697325,,-1.0397946464697325,0,10,1,
413,0.9,1,10,5,-1.0917800429169249,,-1.0917800429169249,0,10,1.1,
414,0.9,1,10,15,-1.0842888855681498,,-1.0842888855681498,0,11,1,
415,0.9,1,10,26,-1.004604938104992,,-1.0040587728807826,0.15384615384615385,13,1.0769230769230769,
416,0.9,1,15,3,-1.0399999174922203,,-1.0399999174922203,0,10,1,
417,0.9,1,15,5,-1.0399999174921624,,-1.0399999174921624,0,10,1,
418,0.9,1,15,15,-1.0398417940983868,,-1.0398417940983868,0,10,1,
419,0.9,1,15,26,-1.0272387736129565,,-1.0272387736129565,0,10,1,
